{"cameraMode":{"drawMode":0,"name":"Shaded","section":"Shading Mode"},"sceneLighting":true,"audioPlay":false,"sceneViewState":{"showFog":true,"showMaterialUpdate":false,"showSkybox":true,"showFlares":true,"showImageEffects":true,"showParticleSystems":true},"in2DMode":false,"pivot":{"x":-0.2551141083240509,"y":-10.837614059448243,"z":6.524340629577637},"rotation":{"x":0.40308040380477908,"y":-0.008236294612288475,"z":0.0036278213374316694,"w":0.9151203036308289},"size":26.22991943359375,"orthographic":false}