{"cameraMode":{"drawMode":0,"name":"Shaded","section":"Shading Mode"},"sceneLighting":true,"audioPlay":false,"sceneViewState":{"showFog":true,"showMaterialUpdate":false,"showSkybox":true,"showFlares":true,"showImageEffects":true,"showParticleSystems":true},"in2DMode":false,"pivot":{"x":4.78857421875,"y":-34.51557159423828,"z":94.03952026367188},"rotation":{"x":0.31409159302711489,"y":-0.003418717533349991,"z":0.0011327795218676329,"w":0.9493910670280457},"size":75.80880737304688,"orthographic":false}